{
  "total_return": 2.0805372800784325,
  "annualized_return": 0.2774185580888828,
  "sharpe_ratio": 0.7642301763713651,
  "max_drawdown": -0.5079650812135741,
  "turnover": 0.9694915254237287,
  "hit_rate": 0.5069084628670121,
  "excess_return": 0.1585102198938544,
  "volatility": 0.36300393083938604
}