{
  "total_return": 2.7651976846635566,
  "annualized_return": 0.33444588966988253,
  "sharpe_ratio": 1.0049676764478392,
  "max_drawdown": -0.5582972061652005,
  "turnover": 0.0,
  "hit_rate": 0.542314335060449,
  "excess_return": 0.21140872757091222,
  "volatility": 0.3327926832950644
}