{
  "run_date": "2026-03-17 01:26:07",
  "metric": "sharpe",
  "n_calls": 40,
  "total_duration_seconds": 539.3099317550659,
  "results": {
    "PODD": {
      "sharpe_ratio": -0.06822456722594614,
      "total_return": -0.3058694052148314,
      "max_drawdown": -0.4792634538354573,
      "num_trades": 296,
      "best_params": {
        "macd_fast": 8,
        "macd_slow": 37,
        "macd_signal": 7,
        "rsi_len": 8,
        "rsi_hi": 80,
        "rsi_lo": 26
      }
    },
    "GRMN": {
      "sharpe_ratio": 0.14252161126570487,
      "total_return": 0.25345470854346003,
      "max_drawdown": -0.2985214703492611,
      "num_trades": 132,
      "best_params": {
        "macd_fast": 15,
        "macd_slow": 37,
        "macd_signal": 20,
        "rsi_len": 19,
        "rsi_hi": 80,
        "rsi_lo": 40
      }
    },
    "DXC": {
      "sharpe_ratio": 0.32258737152427946,
      "total_return": 0.9756695219829493,
      "max_drawdown": -0.22275658718983155,
      "num_trades": 134,
      "best_params": {
        "macd_fast": 20,
        "macd_slow": 60,
        "macd_signal": 20,
        "rsi_len": 21,
        "rsi_hi": 66,
        "rsi_lo": 20
      }
    },
    "EMR": {
      "sharpe_ratio": 0.31478129706022934,
      "total_return": 0.782673051603476,
      "max_drawdown": -0.18485570041146915,
      "num_trades": 177,
      "best_params": {
        "macd_fast": 20,
        "macd_slow": 25,
        "macd_signal": 20,
        "rsi_len": 21,
        "rsi_hi": 72,
        "rsi_lo": 29
      }
    },
    "ROK": {
      "sharpe_ratio": 0.8628139823775315,
      "total_return": 0.5972096073576518,
      "max_drawdown": -0.2374369756740265,
      "num_trades": 16,
      "best_params": {
        "macd_fast": 20,
        "macd_slow": 20,
        "macd_signal": 5,
        "rsi_len": 13,
        "rsi_hi": 60,
        "rsi_lo": 40
      }
    },
    "ADP": {
      "sharpe_ratio": 0.1543368287823677,
      "total_return": 0.10925716837676973,
      "max_drawdown": -0.08442850104587102,
      "num_trades": 17,
      "best_params": {
        "macd_fast": 20,
        "macd_slow": 20,
        "macd_signal": 5,
        "rsi_len": 21,
        "rsi_hi": 60,
        "rsi_lo": 20
      }
    },
    "WMT": {
      "sharpe_ratio": 1.9784189628208888,
      "total_return": 1.1325743811000113,
      "max_drawdown": -0.07319512930452052,
      "num_trades": 30,
      "best_params": {
        "macd_fast": 6,
        "macd_slow": 45,
        "macd_signal": 11,
        "rsi_len": 21,
        "rsi_hi": 69,
        "rsi_lo": 37
      }
    },
    "TPR": {
      "sharpe_ratio": 0.2974160535920256,
      "total_return": 1.3014733724299317,
      "max_drawdown": -0.44155374029101735,
      "num_trades": 248,
      "best_params": {
        "macd_fast": 7,
        "macd_slow": 31,
        "macd_signal": 20,
        "rsi_len": 18,
        "rsi_hi": 80,
        "rsi_lo": 40
      }
    },
    "ROKU": {
      "sharpe_ratio": 0.2507727165025805,
      "total_return": 1.5386898835231335,
      "max_drawdown": -0.4289172465819952,
      "num_trades": 261,
      "best_params": {
        "macd_fast": 10,
        "macd_slow": 53,
        "macd_signal": 20,
        "rsi_len": 21,
        "rsi_hi": 60,
        "rsi_lo": 40
      }
    },
    "VRSK": {
      "sharpe_ratio": 0.44333838744763693,
      "total_return": 0.1919110149713173,
      "max_drawdown": -0.34512474752845745,
      "num_trades": 28,
      "best_params": {
        "macd_fast": 9,
        "macd_slow": 37,
        "macd_signal": 11,
        "rsi_len": 18,
        "rsi_hi": 73,
        "rsi_lo": 28
      }
    },
    "SPGI": {
      "sharpe_ratio": 1.0002782419461393,
      "total_return": 0.40574135047490745,
      "max_drawdown": -0.13919353826304662,
      "num_trades": 20,
      "best_params": {
        "macd_fast": 19,
        "macd_slow": 20,
        "macd_signal": 20,
        "rsi_len": 16,
        "rsi_hi": 72,
        "rsi_lo": 20
      }
    },
    "TRI": {
      "sharpe_ratio": -0.037530748056489635,
      "total_return": -0.1426877844957895,
      "max_drawdown": -0.5002339797675638,
      "num_trades": 117,
      "best_params": {
        "macd_fast": 20,
        "macd_slow": 60,
        "macd_signal": 20,
        "rsi_len": 21,
        "rsi_hi": 80,
        "rsi_lo": 40
      }
    },
    "PH": {
      "sharpe_ratio": 1.6957974996472926,
      "total_return": 1.7592622514891654,
      "max_drawdown": -0.17766850328770173,
      "num_trades": 45,
      "best_params": {
        "macd_fast": 20,
        "macd_slow": 60,
        "macd_signal": 20,
        "rsi_len": 7,
        "rsi_hi": 68,
        "rsi_lo": 40
      }
    },
    "ETN": {
      "sharpe_ratio": 0.23977167451368572,
      "total_return": 0.5526600430765302,
      "max_drawdown": -0.356213770612606,
      "num_trades": 179,
      "best_params": {
        "macd_fast": 18,
        "macd_slow": 55,
        "macd_signal": 20,
        "rsi_len": 21,
        "rsi_hi": 60,
        "rsi_lo": 40
      }
    },
    "FTV": {
      "sharpe_ratio": 0.23088190792932156,
      "total_return": 0.46973352655971523,
      "max_drawdown": -0.22445113286278423,
      "num_trades": 136,
      "best_params": {
        "macd_fast": 20,
        "macd_slow": 20,
        "macd_signal": 5,
        "rsi_len": 11,
        "rsi_hi": 75,
        "rsi_lo": 40
      }
    },
    "FTNT": {
      "sharpe_ratio": 0.9713869190650187,
      "total_return": 1.1638704335936259,
      "max_drawdown": -0.2393798643413641,
      "num_trades": 17,
      "best_params": {
        "macd_fast": 20,
        "macd_slow": 34,
        "macd_signal": 20,
        "rsi_len": 16,
        "rsi_hi": 80,
        "rsi_lo": 33
      }
    },
    "KEYS": {
      "sharpe_ratio": 0.08396420406569176,
      "total_return": 0.09363637295146454,
      "max_drawdown": -0.5222445703699106,
      "num_trades": 141,
      "best_params": {
        "macd_fast": 13,
        "macd_slow": 47,
        "macd_signal": 20,
        "rsi_len": 16,
        "rsi_hi": 80,
        "rsi_lo": 38
      }
    },
    "APTV": {
      "sharpe_ratio": 0.019374943142044222,
      "total_return": -0.08617382553596217,
      "max_drawdown": -0.4417437262579835,
      "num_trades": 284,
      "best_params": {
        "macd_fast": 16,
        "macd_slow": 60,
        "macd_signal": 5,
        "rsi_len": 9,
        "rsi_hi": 74,
        "rsi_lo": 34
      }
    },
    "BWA": {
      "sharpe_ratio": 0.16795078709981232,
      "total_return": 0.31230646775927634,
      "max_drawdown": -0.20590679751587201,
      "num_trades": 245,
      "best_params": {
        "macd_fast": 5,
        "macd_slow": 60,
        "macd_signal": 16,
        "rsi_len": 12,
        "rsi_hi": 63,
        "rsi_lo": 33
      }
    },
    "APH": {
      "sharpe_ratio": 0.42315562902554205,
      "total_return": 1.7062895052210225,
      "max_drawdown": -0.25734889637334485,
      "num_trades": 298,
      "best_params": {
        "macd_fast": 20,
        "macd_slow": 34,
        "macd_signal": 5,
        "rsi_len": 14,
        "rsi_hi": 69,
        "rsi_lo": 40
      }
    },
    "GLW": {
      "sharpe_ratio": 0.4745769565291976,
      "total_return": 3.3044188697720807,
      "max_drawdown": -0.30920810313075503,
      "num_trades": 39,
      "best_params": {
        "macd_fast": 20,
        "macd_slow": 20,
        "macd_signal": 5,
        "rsi_len": 21,
        "rsi_hi": 80,
        "rsi_lo": 40
      }
    },
    "EFX": {
      "sharpe_ratio": 0.13709645577088667,
      "total_return": 0.2491544056250763,
      "max_drawdown": -0.30021030796282794,
      "num_trades": 230,
      "best_params": {
        "macd_fast": 20,
        "macd_slow": 55,
        "macd_signal": 20,
        "rsi_len": 9,
        "rsi_hi": 80,
        "rsi_lo": 36
      }
    },
    "TRU": {
      "sharpe_ratio": 0.22599480520695647,
      "total_return": 0.6389809475030371,
      "max_drawdown": -0.3459646778112535,
      "num_trades": 138,
      "best_params": {
        "macd_fast": 20,