{
  "run_date": "2026-03-18 01:26:42",
  "metric": "sharpe",
  "n_calls": 40,
  "total_duration_seconds": 2743.793265581131,
  "results": {
    "NVDA": {
      "sharpe_ratio": 1.1264192970171019,
      "total_return": 73.50033409545492,
      "max_drawdown": -0.6047572592928816,
      "num_trades": 130,
      "best_params": {
        "macd_fast": 15,
        "macd_slow": 20,
        "macd_signal": 7,
        "rsi_len": 14,
        "rsi_hi": 80,
        "rsi_lo": 40
      }
    },
    "GRMN": {
      "sharpe_ratio": 0.14252161126570487,
      "total_return": 0.25345470854346003,
      "max_drawdown": -0.2985214703492611,
      "num_trades": 132,
      "best_params": {
        "macd_fast": 15,
        "macd_slow": 37,
        "macd_signal": 20,
        "rsi_len": 19,
        "rsi_hi": 80,
        "rsi_lo": 40
      }
    },
    "PODD": {
      "sharpe_ratio": -0.06822456722594614,
      "total_return": -0.3058694052148314,
      "max_drawdown": -0.4792634538354573,
      "num_trades": 296,
      "best_params": {
        "macd_fast": 8,
        "macd_slow": 37,
        "macd_signal": 7,
        "rsi_len": 8,
        "rsi_hi": 80,
        "rsi_lo": 26
      }
    },
    "DXC": {
      "sharpe_ratio": 0.3293623044786141,
      "total_return": 0.9835712421653036,
      "max_drawdown": -0.20164181319385138,
      "num_trades": 130,
      "best_params": {
        "macd_fast": 20,
        "macd_slow": 60,
        "macd_signal": 20,
        "rsi_len": 21,
        "rsi_hi": 65,
        "rsi_lo": 20
      }
    },
    "ROK": {
      "sharpe_ratio": 0.8628139823775341,
      "total_return": 0.5972096073576532,
      "max_drawdown": -0.23743697567402652,
      "num_trades": 16,
      "best_params": {
        "macd_fast": 20,
        "macd_slow": 20,
        "macd_signal": 5,
        "rsi_len": 13,
        "rsi_hi": 60,
        "rsi_lo": 40
      }
    },
    "WMT": {
      "sharpe_ratio": 1.978418962820887,
      "total_return": 1.1325743811000097,
      "max_drawdown": -0.07319512930452053,
      "num_trades": 30,
      "best_params": {
        "macd_fast": 6,
        "macd_slow": 45,
        "macd_signal": 11,
        "rsi_len": 21,
        "rsi_hi": 69,
        "rsi_lo": 37
      }
    },
    "EMR": {
      "sharpe_ratio": 0.39977258549467753,
      "total_return": 0.692662908630435,
      "max_drawdown": -0.10487354284779071,
      "num_trades": 47,
      "best_params": {
        "macd_fast": 20,
        "macd_slow": 20,
        "macd_signal": 20,
        "rsi_len": 21,
        "rsi_hi": 60,
        "rsi_lo": 27
      }
    },
    "ADP": {
      "sharpe_ratio": 0.17388215537742382,
      "total_return": 0.2479357310144307,
      "max_drawdown": -0.3431017404102829,
      "num_trades": 14,
      "best_params": {
        "macd_fast": 20,
        "macd_slow": 20,
        "macd_signal": 10,
        "rsi_len": 21,
        "rsi_hi": 80,
        "rsi_lo": 21
      }
    },
    "TPR": {
      "sharpe_ratio": 0.2974160535920256,
      "total_return": 1.3014733724299317,
      "max_drawdown": -0.44155374029101735,
      "num_trades": 248,
      "best_params": {
        "macd_fast": 7,
        "macd_slow": 31,
        "macd_signal": 20,
        "rsi_len": 18,
        "rsi_hi": 80,
        "rsi_lo": 40
      }
    },
    "VRSK": {
      "sharpe_ratio": 0.7910009243277404,
      "total_return": 0.34564474741501433,
      "max_drawdown": -0.23930843220076017,
      "num_trades": 15,
      "best_params": {
        "macd_fast": 20,
        "macd_slow": 22,
        "macd_signal": 19,
        "rsi_len": 15,
        "rsi_hi": 60,
        "rsi_lo": 22
      }
    },
    "SWKS": {
      "sharpe_ratio": 0.17187471425820328,
      "total_return": 0.2884221615421171,
      "max_drawdown": -0.3040660122616719,
      "num_trades": 33,
      "best_params": {
        "macd_fast": 20,
        "macd_slow": 20,
        "macd_signal": 17,
        "rsi_len": 18,
        "rsi_hi": 60,
        "rsi_lo": 20
      }
    },
    "SPGI": {
      "sharpe_ratio": 1.0002782419461416,
      "total_return": 0.40574135047490784,
      "max_drawdown": -0.13919353826304656,
      "num_trades": 20,
      "best_params": {
        "macd_fast": 19,
        "macd_slow": 20,
        "macd_signal": 20,
        "rsi_len": 16,
        "rsi_hi": 72,
        "rsi_lo": 20
      }
    },
    "ROKU": {
      "sharpe_ratio": 0.18755440100991896,
      "total_return": 0.8740102463564141,
      "max_drawdown": -0.4787607241648133,
      "num_trades": 316,
      "best_params": {
        "macd_fast": 18,
        "macd_slow": 21,
        "macd_signal": 13,
        "rsi_len": 16,
        "rsi_hi": 60,
        "rsi_lo": 40
      }
    },
    "PH": {
      "sharpe_ratio": 1.695797499647294,
      "total_return": 1.7592622514891654,
      "max_drawdown": -0.17766850328770178,
      "num_trades": 45,
      "best_params": {
        "macd_fast": 20,
        "macd_slow": 60,
        "macd_signal": 20,
        "rsi_len": 7,
        "rsi_hi": 68,
        "rsi_lo": 40
      }
    },
    "TRI": {
      "sharpe_ratio": -0.037530748056489635,
      "total_return": -0.1426877844957895,
      "max_drawdown": -0.5002339797675638,
      "num_trades": 117,
      "best_params": {
        "macd_fast": 20,
        "macd_slow": 60,
        "macd_signal": 20,
        "rsi_len": 21,
        "rsi_hi": 80,
        "rsi_lo": 40
      }
    },
    "ETN": {
      "sharpe_ratio": 0.23977167451368572,
      "total_return": 0.5526600430765302,
      "max_drawdown": -0.356213770612606,
      "num_trades": 179,
      "best_params": {
        "macd_fast": 18,
        "macd_slow": 55,
        "macd_signal": 20,
        "rsi_len": 21,
        "rsi_hi": 60,
        "rsi_lo": 40
      }
    },
    "TER": {
      "sharpe_ratio": 0.262640302397214,
      "total_return": 1.1859746014857464,
      "max_drawdown": -0.46133983016214763,
      "num_trades": 305,
      "best_params": {
        "macd_fast": 5,
        "macd_slow": 39,
        "macd_signal": 13,
        "rsi_len": 21,
        "rsi_hi": 62,
        "rsi_lo": 37
      }
    },
    "FTV": {
      "sharpe_ratio": 0.23088190792932156,
      "total_return": 0.46973352655971523,
      "max_drawdown": -0.22445113286278423,
      "num_trades": 136,
      "best_params": {
        "macd_fast": 20,
        "macd_slow": 20,
        "macd_signal": 5,
        "rsi_len": 11,
        "rsi_hi": 75,
        "rsi_lo": 40
      }
    },
    "ON": {
      "sharpe_ratio": 0.7870616557790822,
      "total_return": 0.7673747671411763,
      "max_drawdown": -0.2596425581583074,
      "num_trades": 27,
      "best_params": {
        "macd_fast": 12,
        "macd_slow": 54,
        "macd_signal": 20,
        "rsi_len": 11,
        "rsi_hi": 60,
        "rsi_lo": 20
      }
    },
    "NXPI": {
      "sharpe_ratio": 0.20052835394752694,
      "total_return": 0.537016277088671,
      "max_drawdown": -0.3018738458133471,
      "num_trades": 256,
      "best_params": {
        "macd_fast": 20,
        "macd_slow": 60,
        "macd_signal": 5,
        "rsi_len": 15,
        "rsi_hi": 60,
        "rsi_lo": 31
      }
    },
    "FTNT": {
      "sharpe_ratio": 0.9713869190650187,
      "total_return": 1.1638704335936259,
      "max_drawdown": -0.2393798643413641,
      "num_trades": 17,
      "best_params": {
        "macd_fast": 20,
        "macd_slow": 34,
        "macd_signal": 20,
        "rsi_len": 16,
        "rsi_hi": 80,
        "rsi_lo": 33
      }
    },
    "KEYS": {
      "sharpe_ratio": 0.03547296671699892,
      "total_return": -0.008371718205112302,
      "max_drawdown": -0.46362461603107624,
      "num_trades": 280,
      "best_params": {
        "macd_fast": 10,
        "macd_slow": 60,
        "macd_signal": 5,
        "rsi_len": 19,
        "rsi_hi": 60,
        "rsi_lo": 32
      }
    },
    "ADI": {
      "sharpe_ratio": 0.13578784740393882,
      "total_return": 0.2842028503953716,
      "max_drawdown": -0.3163478298737562,
      "num_trades": 264,
      "best_params": {
        "macd_fast": 9,