{
  "run_date": "2026-03-17 00:22:12",
  "metric": "sharpe",
  "n_calls": 40,
  "total_duration_seconds": 2665.0198562145233,
  "results": {
    "GLD": {
      "sharpe_ratio": 1.0367965116780808,
      "total_return": 1.5947643943201886,
      "max_drawdown": -0.10237420330286319,
      "num_trades": 69,
      "best_params": {
        "macd_fast": 16,
        "macd_slow": 60,
        "macd_signal": 19,
        "rsi_len": 16,
        "rsi_hi": 71,
        "rsi_lo": 21
      }
    },
    "IAU": {
      "sharpe_ratio": 0.4131489754732342,
      "total_return": 0.9605502684454055,
      "max_drawdown": -0.11008729388942765,
      "num_trades": 60,
      "best_params": {
        "macd_fast": 20,
        "macd_slow": 20,
        "macd_signal": 20,
        "rsi_len": 21,
        "rsi_hi": 80,
        "rsi_lo": 40
      }
    },
    "GLDM": {
      "sharpe_ratio": 1.9287926457115843,
      "total_return": 0.7839150767500188,
      "max_drawdown": -0.09098935014630163,
      "num_trades": 23,
      "best_params": {
        "macd_fast": 20,
        "macd_slow": 60,
        "macd_signal": 20,
        "rsi_len": 10,
        "rsi_hi": 80,
        "rsi_lo": 32
      }
    },
    "SGOL": {
      "sharpe_ratio": 0.579166436393299,
      "total_return": 1.5694632143680283,
      "max_drawdown": -0.11082885328319649,
      "num_trades": 48,
      "best_params": {
        "macd_fast": 20,
        "macd_slow": 20,
        "macd_signal": 20,
        "rsi_len": 21,
        "rsi_hi": 80,
        "rsi_lo": 40
      }
    },
    "SLV": {
      "sharpe_ratio": 0.2526618243943139,
      "total_return": 0.5447136141184339,
      "max_drawdown": -0.1622358229208303,
      "num_trades": 239,
      "best_params": {
        "macd_fast": 19,
        "macd_slow": 28,
        "macd_signal": 17,
        "rsi_len": 19,
        "rsi_hi": 63,
        "rsi_lo": 20
      }
    },
    "SIVR": {
      "sharpe_ratio": 0.24149181580903065,
      "total_return": 0.8136741877481843,
      "max_drawdown": -0.2641624987240992,
      "num_trades": 465,
      "best_params": {
        "macd_fast": 12,
        "macd_slow": 23,
        "macd_signal": 17,
        "rsi_len": 8,
        "rsi_hi": 69,
        "rsi_lo": 38
      }
    },
    "PSLV": {
      "sharpe_ratio": 2.1714872889716252,
      "total_return": 3.1387328830333723,
      "max_drawdown": -0.11015161133080527,
      "num_trades": 45,
      "best_params": {
        "macd_fast": 5,
        "macd_slow": 56,
        "macd_signal": 5,
        "rsi_len": 11,
        "rsi_hi": 80,
        "rsi_lo": 32
      }
    },
    "GDX": {
      "sharpe_ratio": 0.25541500830144,
      "total_return": 1.2415023595086123,
      "max_drawdown": -0.26406970652453143,
      "num_trades": 64,
      "best_params": {
        "macd_fast": 20,
        "macd_slow": 20,
        "macd_signal": 9,
        "rsi_len": 21,
        "rsi_hi": 80,
        "rsi_lo": 40
      }
    },
    "GDXJ": {
      "sharpe_ratio": 0.4021855845042487,
      "total_return": 2.0607107772869218,
      "max_drawdown": -0.17923720765217646,
      "num_trades": 42,
      "best_params": {
        "macd_fast": 20,
        "macd_slow": 20,
        "macd_signal": 5,
        "rsi_len": 21,
        "rsi_hi": 80,
        "rsi_lo": 25
      }
    },
    "SIL": {
      "sharpe_ratio": 2.3419452992088092,
      "total_return": 3.0236469414285487,
      "max_drawdown": -0.1481650123671964,
      "num_trades": 31,
      "best_params": {
        "macd_fast": 10,
        "macd_slow": 28,
        "macd_signal": 10,
        "rsi_len": 16,
        "rsi_hi": 71,
        "rsi_lo": 27
      }
    },
    "SILJ": {
      "sharpe_ratio": 0.4079216074420897,
      "total_return": 3.1215946460598163,
      "max_drawdown": -0.2629730268220319,
      "num_trades": 324,
      "best_params": {
        "macd_fast": 14,
        "macd_slow": 60,
        "macd_signal": 20,
        "rsi_len": 9,
        "rsi_hi": 77,
        "rsi_lo": 27
      }
    },
    "RING": {
      "sharpe_ratio": 0.372400072863652,
      "total_return": 1.6781560233211679,
      "max_drawdown": -0.26729232161072275,
      "num_trades": 143,
      "best_params": {
        "macd_fast": 20,
        "macd_slow": 60,
        "macd_signal": 14,
        "rsi_len": 20,
        "rsi_hi": 80,
        "rsi_lo": 40
      }
    },
    "NEM": {
      "sharpe_ratio": 0.18057387320615145,
      "total_return": 0.6463429477007773,
      "max_drawdown": -0.40823266000690417,
      "num_trades": 217,
      "best_params": {
        "macd_fast": 20,
        "macd_slow": 60,
        "macd_signal": 20,
        "rsi_len": 19,
        "rsi_hi": 74,
        "rsi_lo": 40
      }
    },
    "GOLD": {
      "sharpe_ratio": 0.20700210527866375,
      "total_return": 0.6118272723621349,
      "max_drawdown": -0.552566334688304,
      "num_trades": 204,
      "best_params": {
        "macd_fast": 8,
        "macd_slow": 60,
        "macd_signal": 20,
        "rsi_len": 12,
        "rsi_hi": 76,
        "rsi_lo": 20
      }
    },
    "FNV": {
      "sharpe_ratio": 1.727866987440929,
      "total_return": 1.3703028310965852,
      "max_drawdown": -0.14461577433859038,
      "num_trades": 27,
      "best_params": {
        "macd_fast": 12,
        "macd_slow": 33,
        "macd_signal": 7,
        "rsi_len": 16,
        "rsi_hi": 61,
        "rsi_lo": 34
      }
    },
    "WPM": {
      "sharpe_ratio": 0.3764945681458592,
      "total_return": 1.8826863340870756,
      "max_drawdown": -0.3086636303701588,
      "num_trades": 185,
      "best_params": {
        "macd_fast": 20,
        "macd_slow": 56,
        "macd_signal": 20,
        "rsi_len": 21,
        "rsi_hi": 80,
        "rsi_lo": 32
      }
    },
    "AEM": {
      "sharpe_ratio": 0.28883547581362334,
      "total_return": 1.0961865587615096,
      "max_drawdown": -0.21870832892279504,
      "num_trades": 416,
      "best_params": {
        "macd_fast": 11,
        "macd_slow": 21,
        "macd_signal": 12,
        "rsi_len": 9,
        "rsi_hi": 68,
        "rsi_lo": 40
      }
    },
    "KGC": {
      "sharpe_ratio": 2.2838842362873435,
      "total_return": 6.532640553281465,
      "max_drawdown": -0.21133774442405245,
      "num_trades": 27,
      "best_params": {
        "macd_fast": 17,
        "macd_slow": 59,
        "macd_signal": 13,
        "rsi_len": 15,
        "rsi_hi": 80,
        "rsi_lo": 40
      }
    },
    "AU": {
      "sharpe_ratio": 2.4519014202889307,
      "total_return": 7.614783562240472,
      "max_drawdown": -0.30483825724800906,
      "num_trades": 32,
      "best_params": {
        "macd_fast": 12,
        "macd_slow": 35,
        "macd_signal": 6,
        "rsi_len": 7,
        "rsi_hi": 78,
        "rsi_lo": 20
      }
    },
    "HMY": {
      "sharpe_ratio": 2.816237864176144,
      "total_return": 11.724662149698203,
      "max_drawdown": -0.18997905890677813,
      "num_trades": 27,
      "best_params": {
        "macd_fast": 12,
        "macd_slow": 36,
        "macd_signal": 6,
        "rsi_len": 16,
        "rsi_hi": 69,
        "rsi_lo": 34
      }
    },
    "EGO": {
      "sharpe_ratio": 0.28656909353900034,
      "total_return": 1.0765512933397539,
      "max_drawdown": -0.24152183174025485,
      "num_trades": 246,
      "best_params": {
        "macd_fast": 15,
        "macd_slow": 21,
        "macd_signal": 13,
        "rsi_len": 16,
        "rsi_hi": 68,
        "rsi_lo": 21
      }
    },
    "BTG": {
      "sharpe_ratio": 0.08151500608353696,
      "total_return": 0.1521544191180401,
      "max_drawdown": -0.41864670511865004,
      "num_trades": 267,
      "best_params": {
        "macd_fast": 20,
        "macd_slow": 20,
        "macd_signal": 18,
        "rsi_len": 7,
        "rsi_hi": 70,
        "rsi_lo": 20
      }
    },
    "AGI": {
      "sharpe_ratio": 1.9883446047318998,
      "total_return": 2.927373356534241,
      "max_drawdown": -0.1640830494246489,
      "num_trades": 22,
      "best_params": {
        "macd_fast": 19,
        "macd_slow": 27,