{
  "run_date": "2026-03-16 21:50:49",
  "metric": "sharpe",
  "n_calls": 40,
  "total_duration_seconds": 118.2573709487915,
  "results": {
    "AAPL": {
      "sharpe_ratio": 0.08130563470490812,
      "total_return": 0.13857510947371357,
      "max_drawdown": -0.2269149738633985,
      "num_trades": 363,
      "best_params": {
        "macd_fast": 14,
        "macd_slow": 42,
        "macd_signal": 20,
        "rsi_len": 14,
        "rsi_hi": 60,
        "rsi_lo": 34
      }
    },
    "GOOGL": {
      "sharpe_ratio": 0.3052425801572786,
      "total_return": 1.5956062945804177,
      "max_drawdown": -0.30448486423316845,
      "num_trades": 54,
      "best_params": {
        "macd_fast": 20,
        "macd_slow": 20,
        "macd_signal": 20,
        "rsi_len": 21,
        "rsi_hi": 80,
        "rsi_lo": 40
      }
    },
    "TSLA": {
      "sharpe_ratio": 0.18985983554763933,
      "total_return": 0.855644444962504,
      "max_drawdown": -0.44415060284935826,
      "num_trades": 257,
      "best_params": {
        "macd_fast": 20,
        "macd_slow": 29,
        "macd_signal": 20,
        "rsi_len": 21,
        "rsi_hi": 62,
        "rsi_lo": 30
      }
    },
    "AMD": {
      "sharpe_ratio": 0.2563238172117083,
      "total_return": 1.392138088116975,
      "max_drawdown": -0.31136586193395294,
      "num_trades": 234,
      "best_params": {
        "macd_fast": 20,
        "macd_slow": 60,
        "macd_signal": 20,
        "rsi_len": 15,
        "rsi_hi": 60,
        "rsi_lo": 20
      }
    },
    "ADBE": {
      "sharpe_ratio": 0.03853905607631652,
      "total_return": 0.024840916904134973,
      "max_drawdown": -0.282359018425474,
      "num_trades": 132,
      "best_params": {
        "macd_fast": 20,
        "macd_slow": 20,
        "macd_signal": 5,
        "rsi_len": 16,
        "rsi_hi": 60,
        "rsi_lo": 30
      }
    },
    "NFLX": {
      "sharpe_ratio": -0.11355325123255573,
      "total_return": -0.8933864458301656,
      "max_drawdown": -0.9331838892447597,
      "num_trades": 454,
      "best_params": {
        "macd_fast": 13,
        "macd_slow": 51,
        "macd_signal": 7,
        "rsi_len": 8,
        "rsi_hi": 79,
        "rsi_lo": 24
      }
    }
  }
}