{
  "best_params": {
    "macd_fast": 5,
    "macd_slow": 40,
    "macd_signal": 20,
    "rsi_period": 11,
    "rsi_overbought": 80,
    "rsi_oversold": 40
  },
  "best_score": 2.3622771194312446,
  "metric": "sharpe",
  "tickers": [
    "PSLV"
  ],
  "sharpe_ratio": 2.3622771194312446,
  "total_return": 3.4000279171665118,
  "max_drawdown": -0.1320072212979035,
  "num_trades": 34
}