{
  "best_params": {
    "macd_fast": 19,
    "macd_slow": 28,
    "macd_signal": 17,
    "rsi_period": 19,
    "rsi_overbought": 63,
    "rsi_oversold": 20
  },
  "best_score": 0.2526618243943139,
  "metric": "sharpe",
  "tickers": [
    "SLV"
  ],
  "sharpe_ratio": 0.2526618243943139,
  "total_return": 0.5447136141184339,
  "max_drawdown": -0.1622358229208303,
  "num_trades": 239
}