{
  "best_params": {
    "macd_fast": 20,
    "macd_slow": 20,
    "macd_signal": 5,
    "rsi_period": 13,
    "rsi_overbought": 60,
    "rsi_oversold": 40
  },
  "best_score": 0.8628139823775315,
  "metric": "sharpe",
  "tickers": [
    "ROK"
  ],
  "sharpe_ratio": 0.8628139823775315,
  "total_return": 0.5972096073576518,
  "max_drawdown": -0.2374369756740265,
  "num_trades": 16
}