{
  "best_params": {
    "macd_fast": 20,
    "macd_slow": 20,
    "macd_signal": 17,
    "rsi_period": 18,
    "rsi_overbought": 60,
    "rsi_oversold": 20
  },
  "best_score": 0.17187471425820328,
  "metric": "sharpe",
  "tickers": [
    "SWKS"
  ],
  "sharpe_ratio": 0.17187471425820328,
  "total_return": 0.2884221615421171,
  "max_drawdown": -0.3040660122616719,
  "num_trades": 33
}