{
  "best_params": {
    "macd_fast": 20,
    "macd_slow": 60,
    "macd_signal": 20,
    "rsi_period": 19,
    "rsi_overbought": 74,
    "rsi_oversold": 40
  },
  "best_score": 0.18057387320615145,
  "metric": "sharpe",
  "tickers": [
    "NEM"
  ],
  "sharpe_ratio": 0.18057387320615145,
  "total_return": 0.6463429477007773,
  "max_drawdown": -0.40823266000690417,
  "num_trades": 217
}