{
  "best_params": {
    "macd_fast": 12,
    "macd_slow": 54,
    "macd_signal": 20,
    "rsi_period": 11,
    "rsi_overbought": 60,
    "rsi_oversold": 20
  },
  "best_score": 0.7870616557790822,
  "metric": "sharpe",
  "tickers": [
    "ON"
  ],
  "sharpe_ratio": 0.7870616557790822,
  "total_return": 0.7673747671411763,
  "max_drawdown": -0.2596425581583074,
  "num_trades": 27
}