{
  "best_params": {
    "macd_fast": 20,
    "macd_slow": 20,
    "macd_signal": 20,
    "rsi_period": 21,
    "rsi_overbought": 80,
    "rsi_oversold": 40
  },
  "best_score": 0.3052425801572786,
  "metric": "sharpe",
  "tickers": [
    "GOOGL"
  ],
  "sharpe_ratio": 0.3052425801572786,
  "total_return": 1.5956062945804177,
  "max_drawdown": -0.30448486423316845,
  "num_trades": 54
}