{
  "best_params": {
    "macd_fast": 20,
    "macd_slow": 20,
    "macd_signal": 5,
    "rsi_period": 11,
    "rsi_overbought": 75,
    "rsi_oversold": 40
  },
  "best_score": 0.23088190792932156,
  "metric": "sharpe",
  "tickers": [
    "FTV"
  ],
  "sharpe_ratio": 0.23088190792932156,
  "total_return": 0.46973352655971523,
  "max_drawdown": -0.22445113286278423,
  "num_trades": 136
}