{
  "best_params": {
    "macd_fast": 15,
    "macd_slow": 60,
    "macd_signal": 20,
    "rsi_period": 19,
    "rsi_overbought": 77,
    "rsi_oversold": 20
  },
  "best_score": 0.3361420457206386,
  "metric": "sharpe",
  "tickers": [
    "AKAM"
  ],
  "sharpe_ratio": 0.3361420457206386,
  "total_return": 0.8284775433054128,
  "max_drawdown": -0.22679262172818068,
  "num_trades": 141
}