{
  "best_params": {
    "macd_fast": 20,
    "macd_slow": 34,
    "macd_signal": 5,
    "rsi_period": 14,
    "rsi_overbought": 69,
    "rsi_oversold": 40
  },
  "best_score": 0.42315562902554205,
  "metric": "sharpe",
  "tickers": [
    "APH"
  ],
  "sharpe_ratio": 0.42315562902554205,
  "total_return": 1.7062895052210225,
  "max_drawdown": -0.25734889637334485,
  "num_trades": 298
}