{
  "best_params": {
    "macd_fast": 20,
    "macd_slow": 20,
    "macd_signal": 5,
    "rsi_period": 21,
    "rsi_overbought": 60,
    "rsi_oversold": 20
  },
  "best_score": 0.1543368287823677,
  "metric": "sharpe",
  "tickers": [
    "ADP"
  ],
  "sharpe_ratio": 0.1543368287823677,
  "total_return": 0.10925716837676973,
  "max_drawdown": -0.08442850104587102,
  "num_trades": 17
}