{
  "best_params": {
    "macd_fast": 20,
    "macd_slow": 20,
    "macd_signal": 20,
    "rsi_period": 21,
    "rsi_overbought": 80,
    "rsi_oversold": 40
  },
  "best_score": 0.41781799601485453,
  "metric": "sharpe",
  "tickers": [
    "RING"
  ],
  "sharpe_ratio": 0.41781799601485453,
  "total_return": 2.237349198503583,
  "max_drawdown": -0.3485385882276916,
  "num_trades": 38
}