{
  "best_params": {
    "macd_fast": 13,
    "macd_slow": 47,
    "macd_signal": 20,
    "rsi_period": 16,
    "rsi_overbought": 80,
    "rsi_oversold": 38
  },
  "best_score": 0.08396420406569176,
  "metric": "sharpe",
  "tickers": [
    "KEYS"
  ],
  "sharpe_ratio": 0.08396420406569176,
  "total_return": 0.09363637295146454,
  "max_drawdown": -0.5222445703699106,
  "num_trades": 141
}