{
  "best_params": {
    "macd_fast": 20,
    "macd_slow": 54,
    "macd_signal": 20,
    "rsi_period": 21,
    "rsi_overbought": 74,
    "rsi_oversold": 40
  },
  "best_score": 0.05061138478929441,
  "metric": "sharpe",
  "tickers": [
    "CSCO"
  ],
  "sharpe_ratio": 0.05061138478929441,
  "total_return": 0.05746709495071973,
  "max_drawdown": -0.1818118182216239,
  "num_trades": 187
}