{
  "best_params": {
    "macd_fast": 15,
    "macd_slow": 45,
    "macd_signal": 12,
    "rsi_period": 14,
    "rsi_overbought": 67,
    "rsi_oversold": 30
  },
  "best_score": 0.23174396328670477,
  "metric": "sharpe",
  "tickers": [
    "LRCX"
  ],
  "sharpe_ratio": 0.23174396328670477,
  "total_return": 0.8745867480669701,
  "max_drawdown": -0.3254751443503278,
  "num_trades": 250
}