{
  "best_params": {
    "macd_fast": 12,
    "macd_slow": 36,
    "macd_signal": 6,
    "rsi_period": 16,
    "rsi_overbought": 69,
    "rsi_oversold": 34
  },
  "best_score": 2.816237864176144,
  "metric": "sharpe",
  "tickers": [
    "HMY"
  ],
  "sharpe_ratio": 2.816237864176144,
  "total_return": 11.724662149698203,
  "max_drawdown": -0.18997905890677813,
  "num_trades": 27
}