{
  "best_params": {
    "macd_fast": 19,
    "macd_slow": 41,
    "macd_signal": 5,
    "rsi_period": 15,
    "rsi_overbought": 72,
    "rsi_oversold": 29
  },
  "best_score": 2.484126019228716,
  "metric": "sharpe",
  "tickers": [
    "SIL"
  ],
  "sharpe_ratio": 2.484126019228716,
  "total_return": 3.8393294592241007,
  "max_drawdown": -0.2171376551701273,
  "num_trades": 34
}