{
  "best_params": {
    "macd_fast": 20,
    "macd_slow": 48,
    "macd_signal": 12,
    "rsi_period": 12,
    "rsi_overbought": 79,
    "rsi_oversold": 28
  },
  "best_score": 0.3342081758452771,
  "metric": "sharpe",
  "tickers": [
    "KLAC"
  ],
  "sharpe_ratio": 0.3342081758452771,
  "total_return": 1.3343734490993286,
  "max_drawdown": -0.2946917900890056,
  "num_trades": 181
}