{
  "best_params": {
    "macd_fast": 17,
    "macd_slow": 60,
    "macd_signal": 20,
    "rsi_period": 21,
    "rsi_overbought": 80,
    "rsi_oversold": 40
  },
  "best_score": 0.3544041000429657,
  "metric": "sharpe",
  "tickers": [
    "IAU"
  ],
  "sharpe_ratio": 0.3544041000429657,
  "total_return": 0.7641491125757064,
  "max_drawdown": -0.1057433825911942,
  "num_trades": 217
}