{
  "best_params": {
    "macd_fast": 20,
    "macd_slow": 20,
    "macd_signal": 20,
    "rsi_period": 14,
    "rsi_overbought": 80,
    "rsi_oversold": 20
  },
  "best_score": 0.10555107076119756,
  "metric": "sharpe",
  "tickers": [
    "TGT"
  ],
  "sharpe_ratio": 0.10555107076119756,
  "total_return": 0.20579879005565455,
  "max_drawdown": -0.26584930364450404,
  "num_trades": 68
}