{
  "best_params": {
    "macd_fast": 20,
    "macd_slow": 36,
    "macd_signal": 5,
    "rsi_period": 7,
    "rsi_overbought": 80,
    "rsi_oversold": 34
  },
  "best_score": 2.012213306254207,
  "metric": "sharpe",
  "tickers": [
    "TSM"
  ],
  "sharpe_ratio": 2.012213306254207,
  "total_return": 2.6382322544168395,
  "max_drawdown": -0.29127245254410733,
  "num_trades": 32
}