{
  "best_params": {
    "macd_fast": 20,
    "macd_slow": 20,
    "macd_signal": 18,
    "rsi_period": 7,
    "rsi_overbought": 70,
    "rsi_oversold": 20
  },
  "best_score": 0.08151500608353696,
  "metric": "sharpe",
  "tickers": [
    "BTG"
  ],
  "sharpe_ratio": 0.08151500608353696,
  "total_return": 0.1521544191180401,
  "max_drawdown": -0.41864670511865004,
  "num_trades": 267
}