{
  "best_params": {
    "macd_fast": 20,
    "macd_slow": 36,
    "macd_signal": 20,
    "rsi_period": 13,
    "rsi_overbought": 64,
    "rsi_oversold": 38
  },
  "best_score": 0.20169418036722225,
  "metric": "sharpe",
  "tickers": [
    "CHKP"
  ],
  "sharpe_ratio": 0.20169418036722225,
  "total_return": 0.3833121503500224,
  "max_drawdown": -0.17540904126387835,
  "num_trades": 211
}