{
  "best_params": {
    "macd_fast": 15,
    "macd_slow": 20,
    "macd_signal": 11,
    "rsi_period": 10,
    "rsi_overbought": 60,
    "rsi_oversold": 39
  },
  "best_score": 0.737219622165738,
  "metric": "sharpe",
  "tickers": [
    "MU"
  ],
  "sharpe_ratio": 0.737219622165738,
  "total_return": 10.084411952146075,
  "max_drawdown": -0.5587950553895352,
  "num_trades": 142
}