{
  "best_params": {
    "macd_fast": 20,
    "macd_slow": 20,
    "macd_signal": 10,
    "rsi_period": 21,
    "rsi_overbought": 80,
    "rsi_oversold": 21
  },
  "best_score": 0.17388215537742382,
  "metric": "sharpe",
  "tickers": [
    "ADP"
  ],
  "sharpe_ratio": 0.17388215537742382,
  "total_return": 0.2479357310144307,
  "max_drawdown": -0.3431017404102829,
  "num_trades": 14
}