{
  "best_params": {
    "macd_fast": 20,
    "macd_slow": 20,
    "macd_signal": 13,
    "rsi_period": 21,
    "rsi_overbought": 80,
    "rsi_oversold": 37
  },
  "best_score": 0.6005460390565464,
  "metric": "sharpe",
  "tickers": [
    "SGOL"
  ],
  "sharpe_ratio": 0.6005460390565464,
  "total_return": 1.6202549366465921,
  "max_drawdown": -0.11034743956001442,
  "num_trades": 46
}