{
  "best_params": {
    "macd_fast": 19,
    "macd_slow": 20,
    "macd_signal": 20,
    "rsi_period": 16,
    "rsi_overbought": 72,
    "rsi_oversold": 20
  },
  "best_score": 1.0002782419461393,
  "metric": "sharpe",
  "tickers": [
    "SPGI"
  ],
  "sharpe_ratio": 1.0002782419461393,
  "total_return": 0.40574135047490745,
  "max_drawdown": -0.13919353826304662,
  "num_trades": 20
}