{
  "best_params": {
    "macd_fast": 8,
    "macd_slow": 57,
    "macd_signal": 20,
    "rsi_period": 12,
    "rsi_overbought": 73,
    "rsi_oversold": 33
  },
  "best_score": 0.00750309376111761,
  "metric": "sharpe",
  "tickers": [
    "CDW"
  ],
  "sharpe_ratio": 0.00750309376111761,
  "total_return": -0.06328059880511609,
  "max_drawdown": -0.3635439038873931,
  "num_trades": 202
}