{
  "best_params": {
    "macd_fast": 17,
    "macd_slow": 60,
    "macd_signal": 17,
    "rsi_period": 7,
    "rsi_overbought": 71,
    "rsi_oversold": 31
  },
  "best_score": 1.5729674908729683,
  "metric": "sharpe",
  "tickers": [
    "AMZN"
  ],
  "sharpe_ratio": 1.5729674908729683,
  "total_return": 1.4729820325425156,
  "max_drawdown": -0.1778890344170132,
  "num_trades": 39
}