{
  "best_params": {
    "macd_fast": 15,
    "macd_slow": 26,
    "macd_signal": 20,
    "rsi_period": 12,
    "rsi_overbought": 80,
    "rsi_oversold": 40
  },
  "best_score": 0.3218721927783363,
  "metric": "sharpe",
  "tickers": [
    "SAND"
  ],
  "sharpe_ratio": 0.3218721927783363,
  "total_return": 1.6059770709466892,
  "max_drawdown": -0.23870882392593304,
  "num_trades": 227
}