{
  "best_params": {
    "macd_fast": 14,
    "macd_slow": 60,
    "macd_signal": 16,
    "rsi_period": 21,
    "rsi_overbought": 68,
    "rsi_oversold": 40
  },
  "best_score": 0.18690255649921358,
  "metric": "sharpe",
  "tickers": [
    "AMAT"
  ],
  "sharpe_ratio": 0.18690255649921358,
  "total_return": 0.6881085953870676,
  "max_drawdown": -0.38416127703780606,
  "num_trades": 229
}