{
  "best_params": {
    "macd_fast": 5,
    "macd_slow": 44,
    "macd_signal": 20,
    "rsi_period": 18,
    "rsi_overbought": 80,
    "rsi_oversold": 35
  },
  "best_score": 0.19906840123425282,
  "metric": "sharpe",
  "tickers": [
    "EXPE"
  ],
  "sharpe_ratio": 0.19906840123425282,
  "total_return": 0.6640911254682531,
  "max_drawdown": -0.3391342771630171,
  "num_trades": 262
}