{
  "best_params": {
    "macd_fast": 20,
    "macd_slow": 20,
    "macd_signal": 20,
    "rsi_period": 21,
    "rsi_overbought": 80,
    "rsi_oversold": 20
  },
  "best_score": 0.15522327176370923,
  "metric": "sharpe",
  "tickers": [
    "PAYX"
  ],
  "sharpe_ratio": 0.15522327176370923,
  "total_return": 0.2100144895275973,
  "max_drawdown": -0.2731183076752229,
  "num_trades": 15
}