{
  "best_params": {
    "macd_fast": 9,
    "macd_slow": 20,
    "macd_signal": 17,
    "rsi_period": 11,
    "rsi_overbought": 79,
    "rsi_oversold": 36
  },
  "best_score": 0.13578784740393882,
  "metric": "sharpe",
  "tickers": [
    "ADI"
  ],
  "sharpe_ratio": 0.13578784740393882,
  "total_return": 0.2842028503953716,
  "max_drawdown": -0.3163478298737562,
  "num_trades": 264
}