{
  "best_params": {
    "macd_fast": 20,
    "macd_slow": 20,
    "macd_signal": 5,
    "rsi_period": 21,
    "rsi_overbought": 80,
    "rsi_oversold": 40
  },
  "best_score": 0.47457695652919774,
  "metric": "sharpe",
  "tickers": [
    "GLW"
  ],
  "sharpe_ratio": 0.47457695652919774,
  "total_return": 3.3044188697720807,
  "max_drawdown": -0.30920810313075503,
  "num_trades": 39
}