{
  "best_params": {
    "macd_fast": 20,
    "macd_slow": 20,
    "macd_signal": 5,
    "rsi_period": 21,
    "rsi_overbought": 80,
    "rsi_oversold": 25
  },
  "best_score": 0.4021855845042487,
  "metric": "sharpe",
  "tickers": [
    "GDXJ"
  ],
  "sharpe_ratio": 0.4021855845042487,
  "total_return": 2.0607107772869218,
  "max_drawdown": -0.17923720765217646,
  "num_trades": 42
}