{
  "best_params": {
    "macd_fast": 10,
    "macd_slow": 28,
    "macd_signal": 10,
    "rsi_period": 16,
    "rsi_overbought": 71,
    "rsi_oversold": 27
  },
  "best_score": 2.3419452992088092,
  "metric": "sharpe",
  "tickers": [
    "SIL"
  ],
  "sharpe_ratio": 2.3419452992088092,
  "total_return": 3.0236469414285487,
  "max_drawdown": -0.1481650123671964,
  "num_trades": 31
}