{
  "best_params": {
    "macd_fast": 10,
    "macd_slow": 20,
    "macd_signal": 20,
    "rsi_period": 7,
    "rsi_overbought": 80,
    "rsi_oversold": 32
  },
  "best_score": 1.982459696753405,
  "metric": "sharpe",
  "tickers": [
    "TSM"
  ],
  "sharpe_ratio": 1.982459696753405,
  "total_return": 2.39611339421223,
  "max_drawdown": -0.22829897898266555,
  "num_trades": 30
}