{
  "best_params": {
    "macd_fast": 14,
    "macd_slow": 60,
    "macd_signal": 20,
    "rsi_period": 9,
    "rsi_overbought": 77,
    "rsi_oversold": 27
  },
  "best_score": 0.4079216074420897,
  "metric": "sharpe",
  "tickers": [
    "SILJ"
  ],
  "sharpe_ratio": 0.4079216074420897,
  "total_return": 3.1215946460598163,
  "max_drawdown": -0.2629730268220319,
  "num_trades": 324
}