{
  "best_params": {
    "macd_fast": 19,
    "macd_slow": 54,
    "macd_signal": 20,
    "rsi_period": 17,
    "rsi_overbought": 72,
    "rsi_oversold": 22
  },
  "best_score": -0.01870751605607529,
  "metric": "sharpe",
  "tickers": [
    "HD"
  ],
  "sharpe_ratio": -0.01870751605607529,
  "total_return": -0.06358911372819202,
  "max_drawdown": -0.1906981408787911,
  "num_trades": 173
}