{
  "best_params": {
    "macd_fast": 12,
    "macd_slow": 20,
    "macd_signal": 13,
    "rsi_period": 10,
    "rsi_overbought": 80,
    "rsi_oversold": 20
  },
  "best_score": 0.31625269685366547,
  "metric": "sharpe",
  "tickers": [
    "SILJ"
  ],
  "sharpe_ratio": 0.31625269685366547,
  "total_return": 1.6934465395571965,
  "max_drawdown": -0.2877089703990615,
  "num_trades": 341
}