{
  "best_params": {
    "macd_fast": 17,
    "macd_slow": 60,
    "macd_signal": 15,
    "rsi_period": 18,
    "rsi_overbought": 60,
    "rsi_oversold": 40
  },
  "best_score": 0.03424443074108143,
  "metric": "sharpe",
  "tickers": [
    "KMX"
  ],
  "sharpe_ratio": 0.03424443074108143,
  "total_return": -0.04798565129305516,
  "max_drawdown": -0.3982643132317182,
  "num_trades": 206
}