{
  "best_params": {
    "macd_fast": 18,
    "macd_slow": 59,
    "macd_signal": 11,
    "rsi_period": 7,
    "rsi_overbought": 63,
    "rsi_oversold": 40
  },
  "best_score": 1.2112808460349116,
  "metric": "sharpe",
  "tickers": [
    "ASML"
  ],
  "sharpe_ratio": 1.2112808460349116,
  "total_return": 1.1639470607143136,
  "max_drawdown": -0.16284584731437307,
  "num_trades": 42
}