{
  "best_params": {
    "macd_fast": 20,
    "macd_slow": 36,
    "macd_signal": 20,
    "rsi_period": 16,
    "rsi_overbought": 80,
    "rsi_oversold": 36
  },
  "best_score": 0.14681730737250306,
  "metric": "sharpe",
  "tickers": [
    "HPE"
  ],
  "sharpe_ratio": 0.14681730737250306,
  "total_return": 0.4566989809783881,
  "max_drawdown": -0.3363558690427738,
  "num_trades": 220
}