{
  "best_params": {
    "macd_fast": 18,
    "macd_slow": 55,
    "macd_signal": 20,
    "rsi_period": 21,
    "rsi_overbought": 60,
    "rsi_oversold": 40
  },
  "best_score": 0.23977167451368572,
  "metric": "sharpe",
  "tickers": [
    "ETN"
  ],
  "sharpe_ratio": 0.23977167451368572,
  "total_return": 0.5526600430765302,
  "max_drawdown": -0.356213770612606,
  "num_trades": 179
}