{
  "best_params": {
    "macd_fast": 10,
    "macd_slow": 60,
    "macd_signal": 5,
    "rsi_period": 19,
    "rsi_overbought": 60,
    "rsi_oversold": 32
  },
  "best_score": 0.03547296671699892,
  "metric": "sharpe",
  "tickers": [
    "KEYS"
  ],
  "sharpe_ratio": 0.03547296671699892,
  "total_return": -0.008371718205112302,
  "max_drawdown": -0.46362461603107624,
  "num_trades": 280
}