{
  "best_params": {
    "macd_fast": 20,
    "macd_slow": 20,
    "macd_signal": 5,
    "rsi_period": 16,
    "rsi_overbought": 60,
    "rsi_oversold": 30
  },
  "best_score": 0.03853905607631652,
  "metric": "sharpe",
  "tickers": [
    "ADBE"
  ],
  "sharpe_ratio": 0.03853905607631652,
  "total_return": 0.024840916904134973,
  "max_drawdown": -0.282359018425474,
  "num_trades": 132
}