{
  "best_params": {
    "macd_fast": 20,
    "macd_slow": 20,
    "macd_signal": 5,
    "rsi_period": 18,
    "rsi_overbought": 60,
    "rsi_oversold": 33
  },
  "best_score": 0.4053930836066492,
  "metric": "sharpe",
  "tickers": [
    "PHM"
  ],
  "sharpe_ratio": 0.4053930836066492,
  "total_return": 1.190090270649522,
  "max_drawdown": -0.20191315030563697,
  "num_trades": 111
}