{
  "best_params": {
    "macd_fast": 20,
    "macd_slow": 20,
    "macd_signal": 17,
    "rsi_period": 15,
    "rsi_overbought": 80,
    "rsi_oversold": 40
  },
  "best_score": 0.23612079197120292,
  "metric": "sharpe",
  "tickers": [
    "CCJ"
  ],
  "sharpe_ratio": 0.23612079197120292,
  "total_return": 2.1961505949459883,
  "max_drawdown": -0.4007140294656147,
  "num_trades": 65
}