{
  "best_params": {
    "macd_fast": 12,
    "macd_slow": 23,
    "macd_signal": 17,
    "rsi_period": 8,
    "rsi_overbought": 69,
    "rsi_oversold": 38
  },
  "best_score": 0.24149181580903065,
  "metric": "sharpe",
  "tickers": [
    "SIVR"
  ],
  "sharpe_ratio": 0.24149181580903065,
  "total_return": 0.8136741877481843,
  "max_drawdown": -0.2641624987240992,
  "num_trades": 465
}