{
  "best_params": {
    "macd_fast": 20,
    "macd_slow": 20,
    "macd_signal": 20,
    "rsi_period": 21,
    "rsi_overbought": 80,
    "rsi_oversold": 37
  },
  "best_score": 1.632317584293431,
  "metric": "sharpe",
  "tickers": [
    "COST"
  ],
  "sharpe_ratio": 1.632317584293431,
  "total_return": 1.1123642405224483,
  "max_drawdown": -0.19346944191337617,
  "num_trades": 4
}