{
  "best_params": {
    "macd_fast": 20,
    "macd_slow": 60,
    "macd_signal": 20,
    "rsi_period": 21,
    "rsi_overbought": 65,
    "rsi_oversold": 20
  },
  "best_score": 0.3293623044786141,
  "metric": "sharpe",
  "tickers": [
    "DXC"
  ],
  "sharpe_ratio": 0.3293623044786141,
  "total_return": 0.9835712421653036,
  "max_drawdown": -0.20164181319385138,
  "num_trades": 130
}