{
  "best_params": {
    "macd_fast": 14,
    "macd_slow": 26,
    "macd_signal": 16,
    "rsi_period": 21,
    "rsi_overbought": 74,
    "rsi_oversold": 37
  },
  "best_score": 0.26158049849407333,
  "metric": "sharpe",
  "tickers": [
    "AN"
  ],
  "sharpe_ratio": 0.26158049849407333,
  "total_return": 0.6997775954252192,
  "max_drawdown": -0.26573826900644804,
  "num_trades": 178
}