{
  "best_params": {
    "macd_fast": 18,
    "macd_slow": 21,
    "macd_signal": 13,
    "rsi_period": 16,
    "rsi_overbought": 60,
    "rsi_oversold": 40
  },
  "best_score": 0.18755440100991896,
  "metric": "sharpe",
  "tickers": [
    "ROKU"
  ],
  "sharpe_ratio": 0.18755440100991896,
  "total_return": 0.8740102463564141,
  "max_drawdown": -0.4787607241648133,
  "num_trades": 316
}