{
  "best_params": {
    "macd_fast": 19,
    "macd_slow": 60,
    "macd_signal": 10,
    "rsi_period": 21,
    "rsi_overbought": 80,
    "rsi_oversold": 26
  },
  "best_score": 0.27844407240107,
  "metric": "sharpe",
  "tickers": [
    "ARM"
  ],
  "sharpe_ratio": 0.27844407240107,
  "total_return": 2.095013997291085,
  "max_drawdown": -0.4566767230675774,
  "num_trades": 231
}