{
  "best_params": {
    "macd_fast": 20,
    "macd_slow": 56,
    "macd_signal": 14,
    "rsi_period": 18,
    "rsi_overbought": 61,
    "rsi_oversold": 40
  },
  "best_score": 0.06694237401663665,
  "metric": "sharpe",
  "tickers": [
    "KMX"
  ],
  "sharpe_ratio": 0.06694237401663665,
  "total_return": 0.045100986379030476,
  "max_drawdown": -0.44434957335543207,
  "num_trades": 194
}