{
  "best_params": {
    "macd_fast": 20,
    "macd_slow": 20,
    "macd_signal": 20,
    "rsi_period": 21,
    "rsi_overbought": 60,
    "rsi_oversold": 27
  },
  "best_score": 0.39977258549467753,
  "metric": "sharpe",
  "tickers": [
    "EMR"
  ],
  "sharpe_ratio": 0.39977258549467753,
  "total_return": 0.692662908630435,
  "max_drawdown": -0.10487354284779071,
  "num_trades": 47
}