{
  "best_params": {
    "macd_fast": 20,
    "macd_slow": 20,
    "macd_signal": 19,
    "rsi_period": 20,
    "rsi_overbought": 80,
    "rsi_oversold": 40
  },
  "best_score": -0.07073390203146664,
  "metric": "sharpe",
  "tickers": [
    "TSCO"
  ],
  "sharpe_ratio": -0.07073390203146664,
  "total_return": -0.724581590615463,
  "max_drawdown": -0.8322489553726474,
  "num_trades": 30
}