{
  "best_params": {
    "macd_fast": 20,
    "macd_slow": 20,
    "macd_signal": 20,
    "rsi_period": 21,
    "rsi_overbought": 80,
    "rsi_oversold": 40
  },
  "best_score": 0.579166436393299,
  "metric": "sharpe",
  "tickers": [
    "SGOL"
  ],
  "sharpe_ratio": 0.579166436393299,
  "total_return": 1.5694632143680283,
  "max_drawdown": -0.11082885328319649,
  "num_trades": 48
}