{
  "best_params": {
    "macd_fast": 9,
    "macd_slow": 54,
    "macd_signal": 13,
    "rsi_period": 13,
    "rsi_overbought": 69,
    "rsi_oversold": 35
  },
  "best_score": 0.19438473322443092,
  "metric": "sharpe",
  "tickers": [
    "BBY"
  ],
  "sharpe_ratio": 0.19438473322443092,
  "total_return": 0.5384769374212228,
  "max_drawdown": -0.2826786966808456,
  "num_trades": 259
}