{
  "best_params": {
    "macd_fast": 20,
    "macd_slow": 20,
    "macd_signal": 20,
    "rsi_period": 17,
    "rsi_overbought": 77,
    "rsi_oversold": 33
  },
  "best_score": 0.054649954268821854,
  "metric": "sharpe",
  "tickers": [
    "HD"
  ],
  "sharpe_ratio": 0.054649954268821854,
  "total_return": 0.05405007446047748,
  "max_drawdown": -0.28487179949602554,
  "num_trades": 69
}