{
  "best_params": {
    "macd_fast": 8,
    "macd_slow": 37,
    "macd_signal": 7,
    "rsi_period": 8,
    "rsi_overbought": 80,
    "rsi_oversold": 26
  },
  "best_score": -0.06822456722594614,
  "metric": "sharpe",
  "tickers": [
    "PODD"
  ],
  "sharpe_ratio": -0.06822456722594614,
  "total_return": -0.3058694052148314,
  "max_drawdown": -0.4792634538354573,
  "num_trades": 296
}