{
  "best_params": {
    "macd_fast": 20,
    "macd_slow": 20,
    "macd_signal": 20,
    "rsi_period": 21,
    "rsi_overbought": 60,
    "rsi_oversold": 20
  },
  "best_score": 0.21224403843813278,
  "metric": "sharpe",
  "tickers": [
    "ORLY"
  ],
  "sharpe_ratio": 0.21224403843813278,
  "total_return": 0.18299852034705036,
  "max_drawdown": -0.0659175570397451,
  "num_trades": 21
}