{
  "best_params": {
    "macd_fast": 16,
    "macd_slow": 60,
    "macd_signal": 19,
    "rsi_period": 16,
    "rsi_overbought": 71,
    "rsi_oversold": 21
  },
  "best_score": 1.0367965116780808,
  "metric": "sharpe",
  "tickers": [
    "GLD"
  ],
  "sharpe_ratio": 1.0367965116780808,
  "total_return": 1.5947643943201886,
  "max_drawdown": -0.10237420330286319,
  "num_trades": 69
}