{
  "total_return": 3.004079608140704,
  "annualized_return": 0.3520770793513279,
  "sharpe_ratio": 0.7442525703726437,
  "max_drawdown": -0.6461076611234695,
  "turnover": 0.917241379310345,
  "hit_rate": 0.5064710957722174,
  "excess_return": 0.23803976291772422,
  "volatility": 0.4730612877494593
}