{
  "total_return": 0.8390642613298129,
  "annualized_return": 0.1417753785911393,
  "sharpe_ratio": 0.37097513810548216,
  "max_drawdown": -0.6074160987300637,
  "turnover": 0.7932203389830508,
  "hit_rate": 0.49827288428324695,
  "excess_return": 0.03376446538140221,
  "volatility": 0.3821694880017195
}