sector,count,equal_weight,risk_parity_weight,avg_volatility,risk_contrib_ew,risk_contrib_rp,value_score,quality_score,ew_pct,rp_pct,risk_ew_pct,risk_rp_pct
Communication Services,11,0.125,0.12409466019738255,0.022928681853989986,0.11834487636344682,0.125,59.89442479717079,43.51863636363636,12.5,12.409466019738256,11.834487636344681,12.5
Consumer Cyclical,15,0.17045454545454547,0.1591171176860403,0.026011505849102185,0.18307727552023487,0.17045454545454547,54.014441842310696,49.10933333333333,17.045454545454547,15.91171176860403,18.307727552023486,17.045454545454547
Consumer Defensive,7,0.07954545454545454,0.10864748906336873,0.01658646593540388,0.05447905779606929,0.07954545454545456,53.07115546948707,49.159285714285716,7.954545454545454,10.864748906336873,5.447905779606929,7.954545454545456
Healthcare,12,0.13636363636363635,0.121346301357256,0.02588320287107061,0.1457393905870063,0.13636363636363638,50.0,50.0,13.636363636363635,12.134630135725601,14.57393905870063,13.636363636363638
Industrials,8,0.09090909090909091,0.12138781388327113,0.01665899764975006,0.06253404772092694,0.09090909090909091,50.0,50.0,9.090909090909092,12.138781388327114,6.2534047720926935,9.090909090909092
Technology,32,0.36363636363636365,0.305306666516262,0.027877665733806116,0.4185853953516913,0.36363636363636365,55.311310126277235,48.1146875,36.36363636363637,30.5306666516262,41.85853953516913,36.36363636363637
Utilities,3,0.03409090909090909,0.06009995129641934,0.012247211791900766,0.017239956660624303,0.03409090909090909,50.0,50.0,3.4090909090909087,6.009995129641934,1.7239956660624303,3.4090909090909087
