sector,count,equal_weight,risk_parity_weight,avg_volatility,risk_contrib_ew,risk_contrib_rp,value_score,quality_score,ew_pct,rp_pct,risk_ew_pct,risk_rp_pct
Communication Services,1,0.16666666666666666,0.22427665167310762,0.020074392589607044,0.08863453407430052,0.16666666666666663,50.0,50.0,16.666666666666664,22.427665167310764,8.863453407430052,16.666666666666664
Consumer Cyclical,1,0.16666666666666666,0.20813490458216846,0.0216312471154549,0.09550851917268062,0.16666666666666666,50.0,50.0,16.666666666666664,20.813490458216847,9.550851917268062,16.666666666666664
Energy,1,0.16666666666666666,0.17862097307473124,0.02520542507897367,0.11128959932646475,0.16666666666666663,50.0,50.0,16.666666666666664,17.862097307473125,11.128959932646474,16.666666666666664
Precious Metals,1,0.16666666666666666,0.226404885521449,0.0198856908233192,0.08780135852195131,0.16666666666666666,50.0,50.0,16.666666666666664,22.640488552144898,8.780135852195132,16.666666666666664
Technology,1,0.16666666666666666,0.11825669398088434,0.03807156620745947,0.1680975161372546,0.16666666666666663,50.0,50.0,16.666666666666664,11.825669398088435,16.80975161372546,16.666666666666664
Utilities,1,0.16666666666666666,0.04430589116765939,0.10161667976232598,0.4486684727673483,0.16666666666666663,50.0,50.0,16.666666666666664,4.4305891167659395,44.86684727673483,16.666666666666664
