{
  "total_return": 4.139748714962895,
  "annualized_return": 0.4279491496737786,
  "sharpe_ratio": 0.8699293494581439,
  "max_drawdown": -0.5771067634575533,
  "turnover": 1.0440677966101697,
  "hit_rate": 0.5,
  "excess_return": 0.3055598266218442,
  "volatility": 0.4919355232012081
}