{
  "total_return": -1.0000000000253404,
  "annualized_return": NaN,
  "sharpe_ratio": NaN,
  "max_drawdown": -7.419978794672051,
  "turnover": 1.6665249118747882e-18,
  "hit_rate": 0.560790273556231,
  "excess_return": NaN,
  "volatility": 15.569925952517162
}