{
  "total_return": 0.687257037946561,
  "annualized_return": 0.12056849074118059,
  "sharpe_ratio": 0.3800222973595997,
  "max_drawdown": -0.4597210429947456,
  "turnover": 0.0056497175141242955,
  "hit_rate": 0.5025906735751295,
  "excess_return": 0.006464500067290935,
  "volatility": 0.31726688559827193
}