{
  "holdings": [
    {
      "ticker": "STEM",
      "score": 0.3005763684204243,
      "rank": 1,
      "percentile": 83.33333333333334,
      "tech_score": 100.0,
      "fund_score": 50.0,
      "sent_score": 50.0,
      "predicted_return": 0.3005763684204243,
      "rsi": 84.81012740089245,
      "return_21d": 0.7600000044878792,
      "return_63d": 1.1494252810564518,
      "volatility": 0.1342380344108052,
      "sector": "Utilities",
      "features": {
        "return_1m": 0.7600000044878792,
        "return_3m": 1.1494252810564518,
        "return_6m": -0.2807692025540133,
        "return_12m": -0.8120602974256257,
        "vol_20d": 0.1342380344108052,
        "vol_60d": 0.10313575767359169,
        "dollar_volume_20d": 5891251.235191703,
        "volume_ratio": 6.0465047229461355,
        "turnover_20d": 1.4857897242197247,
        "rsi": 84.81012740089245,
        "macd": 0.6858047059509591,
        "macd_signal": -0.0695658801267238,
        "macd_histogram": 0.7553705860776829,
        "bb_upper": 11.919421947846482,
        "bb_middle": 7.822000026702881,
        "bb_lower": 3.7245781055592797,
        "bb_width": 1.0476660463195475,
        "bb_pct": 1.3710355131613903,
        "atr": 1.5214285850524902,
        "adx": 30.52322608787937,
        "plus_di": 55.58685691737809,
        "minus_di": 10.610327379375981,
        "momentum_score": 0.5833333333333333,
        "distance_52w_high": -0.8072164905629992,
        "distance_52w_low": 1.4129033061889928,
        "relative_strength": 1.1207725738329524,
        "zscore_20d": 3.4841420526455606,
        "zscore_60d": 3.3515237333714776,
        "mean_reversion_score": 3.4178328930085193,
        "mean_reversion_rank": 1.0
      },
      "composite_score": 0.32023054736816975,
      "rank_in_sector": 1,
      "weight": 0.190992833050631
    },
    {
      "ticker": "SLV",
      "score": 0.027187510205730413,
      "rank": 2,
      "percentile": 66.66666666666667,
      "tech_score": 100.0,
      "fund_score": 50.0,
      "sent_score": 50.0,
      "predicted_return": 0.027187510205730413,
      "rsi": 18.362282760970857,
      "return_21d": -0.037158485588852375,
      "return_63d": -0.06969375406092049,
      "volatility": 0.014693908677149608,
      "sector": "Precious Metals",
      "features": {
        "return_1m": -0.037158485588852375,
        "return_3m": -0.06969375406092049,
        "return_6m": -0.015642460719807127,
        "return_12m": 0.2019099854602613,
        "vol_20d": 0.014693908677149608,
        "vol_60d": 0.018461321127581098,
        "dollar_volume_20d": 551069094.414463,
        "volume_ratio": 0.9548461331793066,
        "turnover_20d": 0.5401041372914152,
        "rsi": 18.362282760970857,
        "macd": -0.4745011283448086,
        "macd_signal": -0.3705075405172546,
        "macd_histogram": -0.10399358782755402,
        "bb_upper": 29.442961853205873,
        "bb_middle": 27.73050012588501,
        "bb_lower": 26.018038398564144,
        "bb_width": 0.12350745349322917,
        "bb_pct": 0.1202835368636673,
        "atr": 0.4778570447649277,
        "adx": 21.23422029306899,
        "plus_di": 10.61284350101468,
        "minus_di": 53.36323509202886,
        "momentum_score": 0.5,
        "distance_52w_high": -0.16729677076980387,
        "distance_52w_low": 0.3084158072739476,
        "relative_strength": -0.09834646128441993,
        "zscore_20d": -1.5188658525453302,
        "zscore_60d": -1.7230336337454462,
        "mean_reversion_score": -1.6209497431453883,
        "mean_reversion_rank": 0.16666666666666666
      },
      "composite_score": 0.21087500408229218,
      "rank_in_sector": 1,
      "weight": 0.190992833050631
    },
    {
      "ticker": "NLR",
      "score": 0.014225022002362992,
      "rank": 3,
      "percentile": 50.0,
      "tech_score": 100.0,
      "fund_score": 50.0,
      "sent_score": 50.0,
      "predicted_return": 0.014225022002362992,
      "rsi": 25.54365542599166,
      "return_21d": -0.12012471091605181,
      "return_63d": -0.01218067935419076,
      "volatility": 0.013690923508378494,
      "sector": "Energy",
      "features": {
        "return_1m": -0.12012471091605181,
        "return_3m": -0.01218067935419076,
        "return_6m": 0.029337736156980654,
        "return_12m": 0.15916159935347296,
        "vol_20d": 0.013690923508378494,
        "vol_60d": 0.019344626907828257,
        "dollar_volume_20d": 22556084.735984802,
        "volume_ratio": 1.1833149974827053,
        "turnover_20d": 0.38305671495088595,
        "rsi": 25.54365542599166,
        "macd": -2.093363391140329,
        "macd_signal": -1.757543956626726,
        "macd_histogram": -0.3358194345136032,
        "bb_upper": 91.8345256401458,
        "bb_middle": 84.18977432250976,
        "bb_lower": 76.54502300487373,
        "bb_width": 0.18160759733957535,
        "bb_pct": 0.2212510283915795,
        "atr": 1.9592890840590005,
        "adx": 74.27519110826577,
        "plus_di": 3.4147085835472444,
        "minus_di": 33.47351744161321,
        "momentum_score": 0.4583333333333333,
        "distance_52w_high": -0.14624695651436914,
        "distance_52w_low": 0.18291979005246883,
        "relative_strength": -0.0408333865776902,
        "zscore_20d": -1.1149958864336829,
        "zscore_60d": -1.7892584443128534,
        "mean_reversion_score": -1.4521271653732681,
        "mean_reversion_rank": 0.3333333333333333
      },
      "composite_score": 0.2056900088009452,
      "rank_in_sector": 1,
      "weight": 0.190992833050631
    },
    {
      "ticker": "AMD",
      "score": -0.104086033645315,
      "rank": 4,
      "percentile": 33.333333333333336,
      "tech_score": 100.0,
      "fund_score": 50.0,
      "sent_score": 50.0,
      "predicted_return": -0.104086033645315,
      "rsi": 35.57990915730109,
      "return_21d": -0.10129185624886261,
      "return_63d": -0.2537786380117375,
      "volatility": 0.02373226183598709,
      "sector": "Technology",
      "features": {
        "return_1m": -0.10129185624886261,
        "return_3m": -0.2537786380117375,
        "return_6m": -0.2235398532199151,
        "return_12m": -0.17692923526035909,
        "vol_20d": 0.02373226183598709,
        "vol_60d": 0.026080317329914404,
        "dollar_volume_20d": 5032018059.987221,
        "volume_ratio": 0.7779635156801161,
        "turnover_20d": 0.308877760696112,
        "rsi": 35.57990915730109,
        "macd": -4.856142206527323,
        "macd_signal": -5.10802680253578,
        "macd_histogram": 0.25188459600845636,
        "bb_upper": 145.31026165618536,
        "bb_middle": 129.45199966430664,
        "bb_lower": 113.59373767242792,
        "bb_width": 0.24500605680873488,
        "bb_pct": 0.2789165916639741,
        "atr": 4.506429399762831,
        "adx": 53.02215161412155,
        "plus_di": 10.714853215506867,
        "minus_di": 28.166113498378426,
        "momentum_score": 0.29166666666666663,
        "distance_52w_high": -0.42075882480329174,
        "distance_52w_low": 0.029946208531611784,
        "relative_strength": -0.28243134523523694,
        "zscore_20d": -0.8843336333441036,
        "zscore_60d": -1.4498376360614478,
        "mean_reversion_score": -1.1670856347027758,
        "mean_reversion_rank": 0.5
      },
      "composite_score": 0.158365586541874,
      "rank_in_sector": 1,
      "weight": 0.18189455844284835
    },
    {
      "ticker": "GOOG",
      "score": -0.2330375405042421,
      "rank": 5,
      "percentile": 16.666666666666664,
      "tech_score": 100.0,
      "fund_score": 50.0,
      "sent_score": 50.0,
      "predicted_return": -0.2330375405042421,
      "rsi": 64.7269901631374,
      "return_21d": 0.12930904384678032,
      "return_63d": 0.1538284437887505,
      "volatility": 0.022495160908008672,
      "sector": "Communication Services",
      "features": {
        "return_1m": 0.12930904384678032,
        "return_3m": 0.1538284437887505,
        "return_6m": 0.04700823221496542,