{
  "total_return": 4.515093296174289,
  "annualized_return": 0.45002068722935684,
  "sharpe_ratio": 0.959191913129034,
  "max_drawdown": -0.60060396240126,
  "turnover": 0.9423728813559324,
  "hit_rate": 0.5120898100172712,
  "excess_return": 0.3291782189919481,
  "volatility": 0.46916647343420464
}