{
  "total_return": 6.8284909571639885,
  "annualized_return": 0.5648732330544721,
  "sharpe_ratio": 1.1581343196396625,
  "max_drawdown": -0.5254925820486283,
  "turnover": 1.0372881355932204,
  "hit_rate": 0.49827288428324695,
  "excess_return": 0.429355142319777,
  "volatility": 0.487744144591298
}