{
  "total_return": -0.9988605865291694,
  "annualized_return": -0.9253943736703534,
  "sharpe_ratio": -0.3530588166069905,
  "max_drawdown": -0.9999367907710282,
  "turnover": 0.0,
  "hit_rate": 0.5592705167173252,
  "excess_return": -0.9173039620699175,
  "volatility": 2.6210770844464184
}