{
  "total_return": 0.5957873496466468,
  "annualized_return": 0.19931904206790052,
  "sharpe_ratio": 0.49742017570103425,
  "max_drawdown": -0.46701383192924406,
  "turnover": 0.0,
  "hit_rate": 0.558641975308642,
  "excess_return": 0.16179414032256978,
  "volatility": 0.4007055841411985
}