{
  "total_return": 1.408545777832042,
  "annualized_return": 0.21081055162838758,
  "sharpe_ratio": 0.5213884348458929,
  "max_drawdown": -0.6572187202698243,
  "turnover": 1.0677966101694916,
  "hit_rate": 0.5034542314335061,
  "excess_return": 0.10603395221808021,
  "volatility": 0.4043253312488548
}